Official;
Dalcash;
Sheba;
Fergie;
Jo;
Marina;
Whisper;
Slippy;
Rose;
Hare;
Python;
Pride;
Jack;
Jest;
Peer;
Lady;
Picture;
Dilis;
Penny;
Walk;
Pusher;
Dot;
Fintan;
Chief;
Jewel;
Java;
Spark;
Nikita;
Spirit;
Lad;
Returns;
Rocket;
Dodo;
Pal;
Guest;
Prince;
Weasel;
Citrate;
Minstrel;
Light;
Sinead;
Lass;
Palace;
Mouse;
Minister;
Duty;
Rival;
Rascal;
Heart;
Better;
Vienna;
Gamble;
Gunboat;
Princess;
Wish;
Ellie;
Flash;
Kingdom;
Miss;
Drum;
Sally;
Gunnel;
Merlin;
Bess;
Turn;
Judy;
Kegan;
Ivy;
Misty;
Mindy;
Girlie;
Sting;
Duchess;
Pol;
Rhythm;
Treasure;
Mag;
Machine;
Contender;
Piggy;
Baby;
Bridge;
Rita;
Slip;
Mist;
Return;
Hope;
Olive;
Gold;
Fancy;
Jim;
Issue;
Good;
Mandy;
Tidings;
Vixen;
Flight;
Violet;
Larraine;
Melody;
Magic;
Silver;
Daisy;
Model;
Trio;
Dancer;
Lynx;
Captain;
Customer;
Flyer;
Super;
Wally;
Diane;
Grass;
Cutie;
Gift;
Beo;
Breezy;
Quest;
Snowie;
Blonde;
Leader;
Angela;
Place;
Park;
Beauty;
Deas;
Katie;
Trasnog*;
Star;
Seeker;
Gale;
Heather;
Perry;
Dilemma;
Duke;
Major;
Level;
Gorgeous;
Polly;
Missile;
Belle;
Post;
Prin;
Sandra;
Gem;
Lane;
Sarah;
Up;
Election;
Girl;
Hill;
Mistress;
Bullet;
Becky;
Poppy;
Joker;
Sixty;
Denis;
Chick;
Zoe;
Away;
Best;
Black;
Move;
Kick;
Panther;
MJ;
Train;
Simon;
Sunshine;
So;
Statesman;
Hugnkiss;
Cobblepot;
Surfer;
Racey;
Curves;
Fire;
Lanka;
Z;
Robin;
Din;
Memory;
Steffi;
Axel;
Locket;
Eddie;
Debbie;
Silk;
Wag;
*;
Lebeaux;
Buzz;
Leta;
Original;
Tiffany;
Andrea;
D;
Threat;
Blast;
Zeke;
Shawnee;
Rooster;
Drive;
Dodge;
Gray;
Velocity;
Lilly;
Freeway;
Twist;
Quake;
Vern;
Serena;
Money;
Carl;
Blitz;
Passion;
Owen;
Mercedes;
Cooper;
Cuddles;
Desire;
Shininstar;
Jamie;
Vallie;
Episode;
MP;
Slammer;
Runner;
Pick;
Raven;
Free;
Doll;
Scarlet;
Jan;
Slicknquik;
Doc;
Jenny;
Thomas;
Lori;
Sugarbaby;
Dee;
Bart;
Dan;
George;
Gwen;
Kate;
Streaker;
Juliet;
Coin;
Nutty;
Power;
Dare;
Designer;
Webber;
Tar;
Sam;
Bongo;
Repo;
Ruler;
Osti;
Bale;
Shiraz;
Ablaze;
Louise;
Honcho;
Malawi;
Red;
Guy;
Babe;
Eden;
Sunset;
Binjang;
Jaimie;
Sal;
Cruise;
Burst;
West;
Monaro;
Hunt;
Currency;
Whisky;
Lu;
Title;
Material;
Haze;
Chisel;
Blanche;
Forest;
Diamond;
Scholar;
Monarch;
Shirl;
Lee;
Bird;
Tears;
Gain;
Tom;
Law;
Limit;
Chloe;
Flirt;
Thoughts;
Mood;
Fox;
Blue;
Cheli;
McBride;
Judith;
Ben;
Reward;
Ebony;
Travel;
Assassin;
Vengeance;
Emily;
Shanty;
Hazard;
Tess;
Affair;
Bear;
Man;
Gal;
Hustle;
Barbie;
Bar;
Standby;
Sono;
Pirate;
Season;
Buddy;
Smokey;
Angel;
Aussie;
Jade;
Nightmare;
Plan;
Jet;
Well;
Fawn;
Deb;
Melba;
Climber;
Amazing;
Breeze;
Supreme;
Yank;
Viva;
Shower;
Delight;
Sady;
Tara;
Mills;
Again;
Holly;
Knows;
I;
Adraville;
Bet;
Dart;
Fantasy;
Steel;
Slipper;
Moth;
Surprise;
Lioness;
Fen;
Wisely;
Decision;
Hero;
Knight;
Flame;
Linda;
Ashling;
Mel;
Trisha;
Venue;
Queen;
Rosi;
Chance;
Creek;
Val;
Cheeta;
Way;
Saturn;
Score;
Julie;
Premier;
Kylie;
Getit;
Fanfare;
Risk;
Flier;
Trix;
Lucy;
Fortune;
Bluebell;
Connie;
Trooper;
Bike;
Special;
Lord;
Merson;
Vicki;
Guesco;
Laura;
Mary;
Heat;
Darian;
Pine;
Phantom;
Turnover;
Annie;
Question;
Claire;
Meadow;
Ranch;
Moment;
Raquel;
Impulso;
Kara;
Malee;
Hurling;
HB;
Rambo;
Ruby;
Mocha;
Stardom;
EJ;
Millie;
Brooke;
Tracey;
P;
Jayhawk;
Nickel;
Control;
Algonquin;
Morley;
Abigail;
Ora;
Stomper;
Chrisse;
Loretta;
Charm;
Speed;
Peewee;
Excella;
Hoss;
Motive;
Julianna;
Maker;
Sedgwick;
Harry;
Angie;
SC;
Rachel;
Boom;
Sleek;
Son;
Ellen;
Eli;
Lou;
Geno;
Puffy;
Hard;
Aggie;
Haley;
Elgin;
Troy;
Arizona;
Powertrain;
JD;
Turbocharg;
Nelly;
Dash;
Danger;
JR;
Jem;
Gairn;
Jeanie;
Hannah;
Shifter;
Maud;
Porta;
Promise;
Elle;
Banner;
Mint;
Cryer;
Now;
Journey;
Savanah;
Magee;
Scene;
Raider;
Pearl;
Lillie;
Ways;
Essence;
Dazzle;
Wind;
Rhode;
Amount;
Havoc;
Smasher;
Kani;
Medal;
Express;
Haven;
Brindle;
Kilee;
Referee;
Sentence;
Joy;
Flashing;
Lace;
Choice;
Disc;
Sara;
Dean;
Heartrob;
Blossom;
Diva;
Bozz;
Bee;
Steppie;
Sharp;
Touch;
Cheryl;
Commentary;
Cassie;
First;
Kestrel;
Lemon;
Porter;
Peace;
King;
Watcher;
Queenie;
Chuita;
Cash;
Peak;
Vieri;
Spice;
Yale;
Slick;
Arianna;
Tune;
Lizzy;
Michelle;
Maeve;
Mo;
Legend;
Giggler;
Class;
Full;
Draco;
Flair;
Milk;
Off;
Jane;
Delia;
Billy;
Jill;
Hawk;
City;
Harkness;
Minx;
Hoatyin;
Spinner;
Raver;
War;
Atlantic;
Sparkler;
Speaking;
Degree;
Ranger;
View;
Zidane;
Josie;
Treat;
Sapphire;
Susie;
Panache;
Cinia;
Design;
Assets;
Kelso;
Flamebeau;
Stinger;
Try;
Deacon;
Ruthie;
Gun;
Burner;
Penske;
Bill;
Kerri;
CD;
Irish;
Ruble;
Sugar;
Chances;
Scott;
Cupid;
Lulu;
Doe;
Gunman;
Walker;
Lily;
Aclevercatch;
Alyssa;
Daylilly;
Daniel;
Del;
WD;
Norman;
Cylk;
Sassafrass;
Volute;
Umbrella;
Scotch;
Skirmish;
Ability;
Colleen;
Kail;
Diedra;
Flo;
Spymaster;
Cubby;
Mystery;
RD;
Peg;
Booboo;
Gap;
Landing;
Saint;
Latin;
Rema;
Hand;
Berrie;
Madigan;
Charmer;
Crystal;
Jessie;
Fool;
Wishes;
Waters;
Zel;
Cheer;
North;
Moments;
Jeannine;
Portrait;
Collect;
Cindy;
Island;
Krystal;
Cabin;
Create;
Droplet;
Gypsy;
Verban;
Tylo;
Junior;
Tonight;
Auriga;
Survivor;
Blondie;
Puma;
Whitney;
Minnie;
Bang;
Woods;
Mustang;
Kewell;
Crisis;
Kristin;
Alright;
Emma;
Dispatch;
Freddie;
Faye;
Noir;
Ebb;
Feet;
County;
Niamh;
Cry;
Trend;
Fright;
Snow;
Rantogue;
Knew;
Dingle;
Mar;
Nellie;
Havana;
Flip;
Piper;
Peril;
Flower;
Performance;
Lightning;
Ruth;
Profit;
Zoom;
Sonia;
Ballydaniel;
Tina;
Yardy;
Crib;
Cait;
Nancy;
Kandee;
Graf;
Safari;
Glen;
Bow;
Message;
Maid;
Boyant;
Gussie;
Royalprincess;
Blues;
Bessie;
Darla;
Alaska;
Butte;
Schwinn;
E;
Tide;
Dea;
Thane;
Sommer;
Sue;
Jackie;
Andrew;
Al;
Asics;
Capella;
Darrel;
Snicker;
Hike;
Krista;
Rider;
Bell;
America;
Splendor;
Topstory;
Chevy;
Congress;
Lacie;
Whistler;
Flamingo;
Desarae;
Arvo;
Gosh;
Ahoy;
Drina;
Habit;
Welcome;
Nobody;
Kelly;
Lesson;
Break;
Appetit;
Liz;
Fi;
Woman;
Casper;
Blaze;
Zazz;
Dice;
Love;
Chill;
Murdle;
Bride;
Sh;
Winsome;
Pilgrim;
Victory;
Dust;
Molone;
Leigh;
Bea;
Serenade;
Cleopatra;
Joe;
Lustre;
Allfire;
Cleo;
Fairy;
Uasal;
Riccardo;
Pepes;
Sport;
Countess;
Venus;
Ash;
Amy;
Roslea;
Claw;
Swift;
Ditto;
Dove;
Mella;
Deal;
Kitty;
Contact;
Dawn;
Lassie;
Success;
Waddle;
Time;
Lil;
Mentha;
Skoda;
Jubbley;
Down;
Band;
Kay;
Seconds;
Cailin;
Galore;
Spotlight;
Springs;
Stella;
Call;
Thorgil;
Hazel;
Lining;
High;
Go;
Claudia;
Act;
Armada;
Dil;
Molly;
Direct;
Bo;
Chris;
Chimes;
Caroline;
Twin;
Tumble;
Hoffman;
Lia;
Aisling;
Survey;
PA;
Catrin;
Caleen;
Outbound;
Liberty;
Dottie;
Midian;
Smile;
Hightech;
Rain;
Goosebumps;
Oscar;
Commander;
Scotty;
Bob;
Rozz;
Prancer;
RR;
GR;
Ginger;
DK;
Day;
Tootsie;
Mondial;
Zelma;
KB;
Clyde;
Dream;
Cruze;
J;
Potts;
Firstclass;
Dempsey;
G;
Winfrey;
Shams;
Deuce;
Anna;
Hyatt;
Ambush;
Renny;
Rebel;
Dooley;
Clara;
Fiesta;
Mystique;
Penna;
Tricks;
Amigos;
Cryovac;
Intent;
That;
Jones;
Lawless;
Solved;
Gangster;
She;
Villian;
Whiz;
News;
Talent;
Fine;
Fever;
Eiffel;
Shamar;
Joyce;
Yahoo;
McLaren;
Wave;
Tango;
Cue;
Fitz;
Ridge;
Roberta;
Favour;
Muggins;
Misshappy;
Shearer;
Byway;
Singer;
Belinda;
Mike;
Born;
Home;
Glory;
Gill;
Merry;
Okay;
White;
Fatale;
Villa;
Tinrah;
Taz;
Sombrero;
Ferrari;
Devika;
Bishop;
Eye;
Vintage;
Viv;
Swallow;
Wizard;
Velvet;
Grit;
Cobbler;
Frankie;
Escort;
Flowjo;
Armani;
Bon;
Zuzu;
Goosgog;
Sheila;
Kingpin;
Incognito;
Firelite;
Frightning;
Think;
Sasquatch;
Gator;
Di;
Sammy;
Gilbe;
Zinnia;
Boone;
Over;
Foxy;
Excell;
Honey;
Ann;
Waltz;
KL;
Idea;
Moonglow;
Ashes;
Marzipan;
Jr;
Capsule;
R;
Oprah;
Guv;
Magnolia;
Hoover;
Apol;
Moljoy;
Hailey;
Acclaim;
Clay;
Hardspot;
Echo;
Swifty;
Quoted;
Corleone;
Isle;
Art;
Spell;
April;
Nicka;
Abandon;
Web;
Hoot;
Bean;
Omen;
Toto;
Shoes;
Shortal;
Centu;
Zepha;
Blackfoot;
Sno;
Ba;
Raymond;
Bye;
Spe;
Awesome;
Vale;
Zane;
World;
Camilla;
Berger;
Brady;
A;
Robyn;
Sox;
Agassi;
Jolie;
Spiral;
Savings;
Run;
Carhumore;
Pivotal;
Lauren;
Precious;
Kit;
United;
Song;
Smokie;
Biddy;
Santa;
Scholes;
Jackson;
Maldini;
Dance;
Pursuit;
Phoebe;
Toe;
Budgie;
Floss;
Lotto;
Madera;
Fiona;
Bessy;
Eva;
Cheeky;
Camelot;
Cloud;
Rage;
Wise;
Diaz;
Panda;
Tetley;
Exchange;
Gooner;
Xylograph;
Mein;
Roxy;
Pilot;
Slaney;
Jil;
May;
Rhys;
Honc;
Luck;
Apologies;
Bargain;
Noon;
Burns;
Oxana;
Rimes;
Slamdunk;
Newsprint;
Thrill;
Kioni;
Nanc;
Sable;
Utep;
Setter;
Traveler;
Carrie;
Skylar;
Lacey;
Aurora;
Kutie;
ID;
Amelia;
Explorer;
Navajo;
Fieldofdreams;
Hurricane;
Luckett;
EA;
Fate;
Jose;
Ike;
Charmin;
Mischief;
Nicky;
Mystic;
Whoopi;
Chaos;
Uno;
Lorian;
Out;
Yap;
Sky;
Angelique;
Dollars;
Witch;
Wire;
Shirdon;
Xena;
Sparkles;
Buck;
Ros;
Bev;
Where;
Renee;
Heiress;
Fl;
State;
Reason;
Spitfire;
Three;
Chic;
Gee;
Kedo;
Tantine;
Grace;
Alice;
Signal;
Ted;
Nicer;
Flojo;
Marita;
Bismark;
Kariba;
Kim;
Grease;
Queens;
Access;
Galway;
Accelerator;
Ciara;
Wonder;
Lark;
Road;
Oyster;
Seacrest;
Castle;
Ta;
Jin;
Charity;
Glin;
Lynch;
Cigar;
Bindari;
Shirley;
Brew;
Classic;
Anastasia;
Friend;
Bone;
Delivery;
Scolari;
Darlene;
Zoie;
Jumper;
Rach;
Harriet;
Roxcee;
Cookie;
Lynn;
Went;
Drew;
Hydrogen;
Fabulous;
Blueangel;
Skiatook;
Oak;
Awhile;
Hexagram;
Schia;
Tidbits;
Anne;
Hayley;
Aguilera;
Goldilocks;
B;
Kato;
Buns;
India;
DC;
Fridge;
Capitol;
Kup;
Rope;
Adara;
Konow;
Mohican;
Jessica;
Betty;
Denzel;
Shell;
Thistle;
Giggle;
Nature;
Image;
Hays;
Jasmine;
Kadeekenya;
Spinster;
Clinique;
Mascara;
Maddy;
Effort;
Rumble;
Boy;
Shoopa;
Stumbler;
Smi;
List;
Suspect;
Magoo;
Uppance;
Kiri;
Mak;
Horn;
Behave;
Bla;
Benz;
Ink;
Farloe;
Bank;
W;
Rumour;
N;
Grove;
Me;
Salegrey;
Who;
Brown;
Bella;
Bunton;
Ticks;
Lenson;
Deen;
Winner;
Gillian;
Coal;
Ermyn;
Daughter;
Indeed;
Bracelet;
Alternative;
Seville;
Carmel;
Donna;
Zena;
Bridie;
Upon;
Pet;
Wiggy;
Face;
Dun;
Fla;
Mallog;
Cathy;
Nin;
Jean;
Tomsscout;
Nell;
Bud;
Koopa;
Trixie;
Sleepy;
Madam;
Kid;
March;
Corker;
Sapphi;
Maisie;
Native;
Sanna;
Cedar;
Droopy;
Vie;
Patsy;
Cahill;
Folly;
Lower;
Aoife;
Lo;
Scary;
Astrona;
Tings;
Pudding;
Ruckus;
Acadia;
Joanne;
Sponsor;
Camry;
Mae;
Angle;
Troublemaker;
Jailbird;
Starwishes;
Kaci;
Vanessa;
BD;
Nikkei;
Bits;
Race;
Richar;
Unique;
Dimmerswitch;
Mulberry;
Doris;
Pinto;
Crestline;
S;
Dixie;
Rebecca;
Apollostar;
KUP;
Britni;
Cruzechamp;
RLM;
Zapper;
Damsel;
Sprite;
Size;
Octane;
Fresco;
Hanify;
Blush;
Enforc;
Enforcer;
Attack;
Booty;
Lamplight;
Reltub;
Chrissy;
Ages;
Ali;
Shelby;
Tasha;
Dry;
Disco;
Spania;
Bl;
Ra;
Jacalyn;
Fu;
Lynlea;
Rover;
Pil;
Boss;
Lash;
Swan;
Rov;
Posh;
Award;
Karen;
Edition;
Storm;
Frutie;
Li;
Jossie;
Lin;
Lightening;
Tornado;
Rosie;
Shaw;
Tiger;
Jordan;
Franc;
Lola;
Jodie;
Paris;
Reserve;
Gucci;
Britney;
Take;
Be;
Sensation;
Freckles;
Maxi;
Future;
Elect;
Regina;
Fizz;
Napoli;
Desailly;
Perlena;
Bluebird;
Modesty;
TMC;
Buckwheat;
Larry;
Casey;
Grand;
Alpha;
Zydeco;
Villanova;
Let;
Keeper;
Conch;
Chillpill;
Proton;
Statement;
LA;
Solomon;
Starter;
NGreedy;
Royalcrown;
Pina;
Boo;
Kori;
Gazette;
Coolbreeze;
Leroy;
Striker;
Potofgold;
Glimmer;
O'Grady;
Freida;
Hiphop;
Tayto;
Guess;
Flamenco;
Goddess;
Flex;
Agogo;
Tora;
Kaitlyn;
Sophie;
Geoff;
Keroma;
Bomb;
Mome;
He;
Spy;
Request;
Silence;
Assault;
Thund;
Silen;
Cutt;
Gear;
Spicy;
Tops;
Whirl;
Leeza;
MacBeth;
Glo;
Kero;
Fury;
Valley;
Temptress;
Paddy;
Music;
Lisa;
Group;
Ma;
Ghost;
Tip;
Bleu;
Bolero;
Firecracker;
K;
Cuckoo;
Edge;
Frisky;
Kisses;
Euro;
Kiwi;
Abby;
Dashing;
Batch;
Pony;
Mir;
Gene;
Sporty;
Irony;
Pepper;
Hestia;
Naomi;
Stapler;
Charley;
Whillen;
Lightly;
Alison;
Border;
Haribo;
Pleasure;
Fold;
Payme;
Mac;
Mona;
Emper;
Raceway;
Cannon;
Regent;
Exploder;
Cruzin;
Katey;
Ton;
Xtre;
Alex;
Hustler;
Candy;
Energy;
Value;
Fusileer;
Erica;
Micro;
Deck;
Hush;
HK;
Vermilion;
Fortress;
Insurance;
Station;
Ashira;
Torrington;
Melissa;
GM;
Gabriella;
RJ;
Rivera;
Shade;
Lisacool;
Ruffolo;
Comeback;
Azeri;
Tomi;
JJ;
Cocktail;
Chantilly;
Gipsy;
Shireen;
Surf;
Fruits;
Chili;
Shore;
Una;
Honeymoon;
Celeste;
Marly;
Dreams;
Kea;
Mate;
Times;
Sauce;
Rumb;
Sha;
Hypo;
Pri;
Hall;
Forever;
Cha;
Delta;
Odessa;
Rena;
Blackie;
Causeway;
Nag;
Ace;
Windows;
Megan;
Pepinstep;
Dorie;
Bubble;
Prudence;
Wine;
Arrived;
Rock;
Dora;
Lomu;
Minor;
Truth;
Fergus;
Grisham;
Satin;
Amarillo;
Simara;
Illusion;
Destiny;
Colour;
Divine;
Hotshow;
Knockeen;
Shakira;
Mol;
Alanna;
Diver;
Airport;
Crown;
Fixture;
Mykeo;
Meg;
Champ;
Air;
Submarine;
Exquisite;
Ionic;
Bryan;
Embracing;
AH;
Exorcist;
PK;
Blazer;
Leeann;
Ya;
Midnite;
Steffie;
Keelin;
Sipper;
Picilino;
Lois;
Jenko;
Puddlejump;
Crimson;
RN;
Frieda;
Told;
WW;
Dre;
Cessna;
Ceremony;
Marla;
Noah;
Mysticmink;
Manny;
Titanium;
Flyby;
Dall;
Quidam;
Uhl;
Skye;
Catra;
Pace;
Oriental;
Springer;
Busy;
Her;
Elr;
Heritage;
Alarm;
Milly;
Beeslee;
Reign;
Chr;
Knuckl;
Lara;
Pala;
Siyan;
Witheren;
Norris;
Teddy;
Style;
Crusher;
Bling;
Viki;
Sovereign;
Mcco;
Meehan;
Olivia;
Mcstate;
Venamite;
Live;
Vicky;
Venture;
Sandwich;
Cheyenne;
Larky;
Luna;
Knowsbest;
Finsceal;
Show;
Folley;
Beautiful;
Surething;
Chichi;
Master;
Audrey;
Carol;
Leona;
For;
Highview;
Maria;
Laramie;
Reba;
Bert;
Celerrime;
Rush;
Opal;
Darjina;
Orchid;
Tia;
Flutter;
Judicial;
Aoifa;
Days;
Ramble;
June;
Aero;
Phanter;
Mark;
Glenard;
Shauna;
Dainty;
Boots;
Ecko;
Jew;
Trouble;
Gra;
Hera;
Titani;
Fayo;
Plutoni;
Cleburne;
Hifalutin;
Ricochet;
Dodgin;
Latta;
Brett;
Flying;
Salmon;
Argyle;
Gabriela;
Bronx;
JT;
Cupcake;
Folklore;
RC;
Swinger;
Fre;
Omar;
Homerun;
Barb;
Mania;
Ka;
Kissable;
Diego;
Closer;
Mavis;
Sheisbananas;
Divider;
Seaba;
Beem;
Warbarks;
Yawkey;
Zone;
Riddle;
Cobalt;
Faith;
Maude;
Galo;
Powers;
Hairs;
Marne;
Four;
Bubba;
Warming;
Potion;
Movie;
Lowe;
Flare;
Panama;
Tommie;
Royale;
Morr;
Jess;
Maisy;
Bounce;
Margaret;
Deise;
Ja;
Geneva;
Spree;
Biscuit;
Experience;
Sense;
Fat;
Jeannie;
Capri;
Beetle;
Doo;
Bolt;
Contesa;
Dvinsky;
Bright;
Abu;
Diana;
Maryo;
Nikki;
Athena;
Mi;
Wilma;
Halo;
Dolly;
Dime;
Quinta;
Favourite;
Fly;
Reaction;
Chilli;
Solange;
Snowdrop;
Fence;
Stewart;
Pacific;
Giovanni;
Key;
Maiden;
Cool;
Nicola;
Maggie;
Cliste;
Bull;
Sharon;
Tail;
Messenger;
Robinho;
Sign;
Jammin;
Sofia;
Kisatchie;
Vicar;
Sebasti;
Witness;
Torres;
Swanee;
Butterfly;
Matty;
Andy;
Katrina;
Histo;
Loaded;
Fresno;
Porsche;
Kott;
Grateful;
Dress;
Hwa;
Cherry;
Kapow;
Cinn;
PB;
Boc;
Cobra;
Wookie;
Huron;
Generation;
Merle;
Garbo;
Fenw;
Daba;
Rojo;
Basie;
Lachlan;
Egyptian;
Izmir;
Marlow;
Doz;
Sienna;
Sonnet;
Cherie;
Jaffa;
Cee;
Betsy;
Lauryn;
Monelli;
Muse;
Eve;
Oz;
Zorro;
Marco;
Saab;
Tarzane;
Briget;
Seine;
Gr;
Chalice;
Midget;
Ego;
Slipalong;
Shine;
Isabel;
Kilgraney;
Bra;
Orleans;
Twilight;
Beag;
Ron;
Brid;
Stacey;
Snapper;
Turbo;
Dill;
Box;
Conor;
Aries;
Ten;
Ospr;
Dubh;
Outlook;
Paul;
Maise;
Rosaleen;
Matt;
Lyric;
Copper;
Fantastic;
Erin;
Sandy;
Mumba;
Rapid;
Cath;
Bay;
Mini;
Sula;
Peaches;
Kvitova;
Emerald;
Cora;
Thought;
Trendy;
Skipper;
Bound;
Start;
Newbie;
Maggs;
Isla;
French;
Top;
Millar;
Dutchess;
Bid;
Carra;
Mitsy;
Devin;
Rania;
Mariah;
Battle;
Zada;
Bust;
Scorch;
Jays;
PW;
Cantu;
Chasmo;
Liddy;
Lobo;
Darbonne;
Myth;
Lonesomeluv;
River;
Shannon;
Beyonce;
Sassy;
PJ;
Van;
Tyme;
Liturgy;
Credit;
Casaba;
Joplin;
Broom;
Finch;
Heavensent;
Edith;
Wishbo;
Autumn;
Exit;
Reca;
Earner;
Recall;
Virginia;
Luce;
Phase;
Harmony;
Idol;
Stressed;
Janx;
Napoleon;
Luke;
Jen;
Talk;
Mojo;
Chang;
What;
Fern;
Nemes;
Bonus;
Gabi;
Evie;
Aloud;
Cyndie;
Rass;
Spot;
Tick;
Patrol;
Grettie;
Harbour;
Cousin;
Soul;
Trish;
Fanta;
Deejay;
Vic;
Kite;
Opinion;
Swiftco;
Bunyip;
Paula;
Eile;
Cheetah;
Rosa;
Maestro;
Radic;
Cher;
Puzzle;
Annika;
Dad;
Tiny;
Gemma;
Horizon;
Hilda;
Elsa;
Clipper;
Ourora;
Cain;
Chirp;
Alma;
Hoe;
Jok;
Lucielle;
Alicia;
Pewter;
Arcadia;
Avenue;
Companion;
Glenda;
Chickaboom;
Trent;
Kelsey;
Wisp;
Wildwonder;
Revenge;
Aidyn;
Flipp;
Oswalt;
Arlington;
Infrared;
Yesindeed;
Blizza;
Tension;
Marigold;
Seneca;
Dementia;
Lamont;
Icee;
Terri;
Together;
Basil;
Ralene;
Cindel;
Shelley;
Culloden;
Allen;
Toyman;
Aphrodite;
Trickett;
Even;
Sutro;
Rocki;
Oil;
Delly;
Fields;
Sto;
Spur;
Danyo;
Eclipse;
Land;
Tron;
Parade;
Von;
Stunna;
Looper;
Eastwo;
Bandanna;
